,0,1,2,3,4,5,6,7,8,9,mean,std_dev,zeroes
CORTISOL_EVENING,0.07346738079350032,0.07884974330068295,0.1988768727565574,0.07424845566658235,0.08936916987881899,0.026725601898844896,0.05872275547883824,0.045357942552635505,0.06670851196734506,0.07062985309836452,0.07829562873921703,0.04361529542690546,0
CORTISOL_NIGHT,0.08107784977107046,0.0823903193827796,0.05850591898412174,0.07398755719499812,0.07534205439677458,0.05984743684500227,0.10146906158588478,0.06685051057549775,0.07342600881284618,0.08390835329227864,0.07568050708412541,0.01199410149042757,0
CORTISOL_NOON,0.06025742901045932,0.054715967930230716,0.06208885500869089,0.04735473216889459,0.059795105302026176,0.038159681054275675,0.06824598353096563,0.04079507297342796,0.1010760707117419,0.06497083090035578,0.05974597285910688,0.016785195278659956,0
CORTISOL_OVER_DAY,0.021704737144429317,0.0,0.0,0.01298744711894133,0.0,0.0,0.0,0.0,0.0,0.0,0.0034692184263370647,0.007207042613164576,8
PULSE_PRESSURE,-0.0008537499886836754,-0.0,-0.0,-0.017244580434694526,-0.0,-0.0,-0.009887705327565019,-0.0,-0.0,-0.0,-0.0027986035750943218,0.005635151642602682,7
diastolic,0.046055052763400474,0.03355903909702993,0.04450729133487509,0.041123456939737346,0.0,0.0,0.08012180255007166,0.0,0.044372917814926194,0.029215545342313437,0.03189551058423541,0.024470565783075732,3
WEIGHT_CALC,-0.0,-0.03584518645942982,-0.0,-0.0,-0.0,-0.0,-0.008766315437654234,-0.0,-0.026119235443054785,-0.0,-0.007073073734013885,0.01242439704100567,7
BMI_CALC,-0.039690537582683386,-0.027222542087444263,-0.01028113711954512,-0.05753484457203298,-0.0009151707997995697,-0.012446920616245548,-0.04959880564063804,-0.006028173895892227,-0.004613688988734752,-0.06280062920583433,-0.027113245050885026,0.022357177922226322,0
