,0,1,2,3,4,5,6,7,8,9,mean,std_dev,zeroes
"Fatty Acid Metabolism (Acyl Carnitine, Hydroxy), Lipid, cis-3,4-methyleneheptanoylcarnitine",0.0,0.0,0.0,0.0,0.0,0.0,0.014162117982484651,0.0,0.005533826361733753,0.0,0.0019695944344218404,0.004386294536286632,8
batch_number,-0.08261447907942081,-0.14134099246721377,-0.13428539227682004,-0.0674376297458353,-0.169614177715356,-0.13568949707526395,-0.13966451617231715,-0.12658153982620676,-0.1387536256624024,-0.11469139626745753,-0.12506732462882938,0.028426799160270324,0
vendor_change,0.4001658314283284,0.33345480004846073,0.3423560407670161,0.3811375685727787,0.32856981311443273,0.33328373764380426,0.3334622533208397,0.34245996389864297,0.330634688621905,0.3607079634991551,0.3486232660915364,0.023147548304258758,0
